{"cameraMode":{"drawMode":0,"name":"Shaded","section":"Shading Mode"},"sceneLighting":true,"audioPlay":false,"sceneViewState":{"showFog":false,"showMaterialUpdate":false,"showSkybox":false,"showFlares":false,"showImageEffects":false,"showParticleSystems":false},"in2DMode":false,"pivot":{"x":-0.23100411891937257,"y":1.124631404876709,"z":1.882835030555725},"rotation":{"x":-0.09469329565763474,"y":0.6694367527961731,"z":-0.7317048907279968,"w":-0.08663450181484223},"size":9.03575325012207,"orthographic":false}